{
  "org_1":{
    "name": "none",
    "bios_policy": {
      "name": "vmw_bios_pol",
      "policy_owner": "local",
      "descr": "VMware optimized BIOS policy",
      "reboot_on_update": "no",
      "aspm_support": "platform-default",
      "all_usb_devices": "platform-default",
      "altitude": "platform-default",
      "assert_nmi_on_perr": "platform-default",
      "assert_nmi_on_serr": "platform-default",
      "boot_option_retry": "platform-default",
      "cpu_hardware_power_management": "platform-default",
      "cpu_performance": "enterprise",
      "cdn_control": "platform-default",
      "terminal_type": "platform-default",
      "flow_control": "platform-default",
      "baud_rate": "platform-default",
      "putty_key_pad": "platform-default",
      "console_redirection": "platform-default",
      "legacy_os_redirection": "platform-default",
      "core_multi_processing": "all",
      "dd_r3_voltage_selection": "platform-default",
      "dram_clock_throttling": "performance",
      "direct_cache_access": "enabled",
      "dram_refresh_rate": "platform-default",
      "pwr_perf_tuning": "platform-default",
      "enhanced_intel_speed_step_tech": "enabled",
      "execute_disable_bit": "enabled",
      "fr_b2_timer": "platform-default",
      "frequency_floor_override": "enabled",
      "front_panel_lockout": "platform-default",
      "ioe_mezz1_option_rom": "platform-default",
      "ioenv_me1_option_rom": "platform-default",
      "ioenv_me2_option_rom": "platform-default",
      "ioe_slot1_option_rom": "platform-default",
      "ioe_slot2_option_rom": "platform-default",
      "integrated_graphics": "platform-default",
      "integrated_graphics_aperture_size": "platform-default",
      "intel_hyper_threading_tech": "enabled",
      "intel_trusted_execution_technology_support": "platform-default",
      "intel_turbo_boost_tech": "enabled",
      "intel_vtd_pass_through_dma_support": "platform-default",
      "intel_vtdats_support": "platform-default",
      "intel_vtd_interrupt_remapping": "platform-default",
      "intel_vtd_coherency_support": "platform-default",
      "intel_vt_for_directed_io": "enabled",
      "intel_virtualization_technology": "enabled",
      "sasraid": "platform-default",
      "sasraid_module": "platform-default",
      "channel_interleaving": "platform-default",
      "rank_interleaving": "platform-default",
      "memory_interleaving": "platform-default",
      "local_x2_apic": "platform-default",
      "lv_ddr_mode": "performance-mode",
      "processor_mtrr": "platform-default",
      "maximum_memory_below4_gb": "platform-default",
      "memory_mapped_io_above4_gb": "platform-default",
      "mirroring_mode": "platform-default",
      "numa_optimized": "enabled",
      "os_boot_watchdog_timer": "platform-default",
      "os_boot_watchdog_timer_policy": "platform-default",
      "os_boot_watchdog_timer_timeout": "platform-default",
      "onboard_graphics": "platform-default",
      "onboard_scu_storage_support": "platform-default",
      "com_spcr_enable": "platform-default",
      "pstate_coordination": "platform-default",
      "pc_ie10_glo_m2_link": "platform-default",
      "pciromclp": "platform-default",
      "post_error_pause": "platform-default",
      "package_c_state_limit": "platform-default",
      "processor_c_state": "disabled",
      "processor_c1_e": "disabled",
      "processor_c3_report": "disabled",
      "processor_c6_report": "disabled",
      "processor_c7_report": "disabled",
      "processor_cmci": "platform-default",
      "power_technology": "performance",
      "energy_performance": "performance",
      "dcuip_prefetcher": "platform-default",
      "adjacent_cache_line_prefetcher": "platform-default",
      "hardware_prefetcher": "platform-default",
      "dcu_streamer_prefetch": "platform-default",
      "qpi_link_frequency_select": "platform-default",
      "qpi_snoop_mode": "platform-default",
      "quiet_boot": "platform-default",
      "redirection_after_post": "platform-default",
      "resume_on_ac_power_loss": "platform-default",
      "sb_mezz1_option_rom": "platform-default",
      "sbnv_me1_option_rom": "platform-default",
      "sio_c1_option_rom": "platform-default",
      "sio_c2_option_rom": "platform-default",
      "patrol_scrub": "platform-default",
      "demand_scrub": "platform-default",
      "select_memory_ras_configuration": "maximum-performance",
      "serial_port_a_enable": "platform-default",
      "trusted_platform_module_support": "platform-default",
      "legacy_usb_support_boot": "platform-default",
      "make_device_non_bootable": "platform-default",
      "xhci_mode": "platform-default",
      "legacy_usb_support": "platform-default",
      "usb_front_panel_lock": "platform-default",
      "usb_idle_power_optimizing": "platform-default",
      "usb_port_front": "platform-default",
      "usb_port_v_media": "platform-default",
      "usb_port_kvm": "platform-default",
      "port6064_emulation": "platform-default",
      "usb_port_rear": "platform-default",
      "usb_port_internal": "platform-default",
      "usb_port_sd_card": "platform-default",
      "vga_priority": "platform-default",
      "workload_configuration": "platform-default"
    }
  }
}