{
  "org_1": {
    "name": "test_none",
    "descr": "set name to none for root org",
    "vlans": "none",
    "maintenance_policy": {
      "name": "L-rhel_user_ack",
      "uptime_disr": "user-ack",
      "descr": "Maintenance Policy: User Ack"
    },
    "network_control_policy": {
      "name": "L-rhel_ncp",
      "cdp_state": "disabled",
      "mac_register_mode": "all-host-vlans",
      "policy_owner": "local",
      "uplink_fail_action": "link-down",
      "forge": "allow",
      "lldp_transmit": "disabled",
      "lldp_receive": "disabled",
      "descr": "Red Hat Network Control Policy"
    },
    "local_disk_policy": {
      "name": "L-rhel_ldp",
      "mode": "raid-mirrored",
      "flex_state": "disable",
      "flex_raid": "disable",
      "protect": "yes",
      "descr": "Red Hat Local Drives RAID-1"
    },
    "boot_policy": {
      "name": "L-rhel_boot",
      "reboot_on_update": "no",
      "enforce_vnic_name": "yes",
      "boot_mode": "legacy",
      "descr": "Red Hat boot policy",
      "policy_owner": "local",
      "media": {
        "CD/DVD": {
          "order": "1"
        },
        "HDD/SSD": {
          "order": "2"
        }
      }
    },
    "id_pools": {
      "uuid_pool": {
        "type": "uuid",
        "name": "L-rhel_uuid",
        "policy_owner": "local",
        "assignment_order": "sequential",
        "from": "110B-0025B5001101",
        "to": "110B-0025B50011FF",
        "descr": "RHEL UUID Pool"
      },
      "mac_pool_a": {
        "type": "mac",
        "name": "L-rhel_mac_A",
        "policy_owner": "local",
        "assignment_order": "sequential",
        "from": "00:25:B5:11:BA:01",
        "to": "00:25:B5:11:BA:FF",
        "descr": "RHEL MAC Pool Fabric A"
      },
      "mac_pool_b": {
        "type": "mac",
        "name": "L-rhel_mac_B",
        "policy_owner": "local",
        "assignment_order": "sequential",
        "from": "00:25:B5:11:BB:01",
        "to": "00:25:B5:11:BB:FF",
        "descr": "RHEL MAC Pool Fabric B"
      }
    },
    "ip_pool": "none",
    "vnics": {
      "L-rhel_data_FF_B": {
        "descr": "RHEL Data Fabric Failover B Primary",
        "policy_owner": "local",
        "vlan_list": [["default", "yes"]],
        "switch_id": "B-A",
        "mtu": "1500",
        "con_policy_type": "",
        "con_policy_name": "",
        "qos_policy_name": "",
        "target": "adaptor",
        "ident_pool_name": "L-rhel_mac_B",
        "nw_ctrl_policy_name": "L-rhel_ncp",
        "pin_to_group_name": "",
        "stats_policy_name": "default",
        "templ_type": "updating-template"
      },
      "L-rhel_mgmt_FF_A": {
        "descr": "RHEL MGMT Fabric Failover A Primary",
        "policy_owner": "local",
        "vlan_list": [["default", "yes"]],
        "switch_id": "A-B",
        "mtu": "1500",
        "con_policy_type": "",
        "con_policy_name": "",
        "qos_policy_name": "",
        "target": "adaptor",
        "ident_pool_name": "L-rhel_mac_A",
        "nw_ctrl_policy_name": "L-rhel_ncp",
        "pin_to_group_name": "",
        "stats_policy_name": "default",
        "templ_type": "updating-template"
      }
    },
    "lan_conn": {
      "details": {
        "name": "L-rhel_lan_conn",
        "descr": "rhel LAN connectivity policy"
      },
      "adapters": {
        "eth0": {
          "name": "eth0",
          "vnic_temp": "L-rhel_data_FF_B",
          "adapter_profile": "Linux",
          "switch_id": "B-A",
          "adapter_order": "3"
        },
        "eth1": {
          "name": "eth1",
          "vnic_temp": "L-rhel_mgmt_FF_A",
          "adapter_profile": "Linux",
          "switch_id": "A-B",
          "adapter_order": "4"
        }
      }
    },
    "vhbas": "none",
    "san_conn": "none",
    "service_profile_template": {
      "name": "L-rhel_sp_temp",
      "descr": "Red Hat service profile template",
      "vmedia_policy_name": "",
      "bios_profile_name": "",
      "mgmt_fw_policy_name": "",
      "agent_policy_name": "",
      "mgmt_access_policy_name": "",
      "dynamic_con_policy_name": "",
      "kvm_mgmt_policy_name": "",
      "sol_policy_name": "",
      "uuid": "0",
      "stats_policy_name": "default",
      "policy_owner": "local",
      "ext_ip_pool_name": "ext-mgmt",
      "ext_ip_state": "none",
      "boot_policy_name": "L-rhel_boot",
      "usr_lbl": "",
      "host_fw_policy_name": "",
      "vcon_profile_name": "",
      "ident_pool_name": "L-rhel_uuid",
      "src_templ_name": "",
      "type": "updating-template",
      "local_disk_policy_name": "L-rhel_ldp",
      "scrub_policy_name": "",
      "power_policy_name": "default",
      "maint_policy_name": "L-rhel_user_ack",
      "power_sync_policy_name": "",
      "resolve_remote": "yes",
      "lan_conn_policy_name": "L-rhel_lan_conn",
      "san_conn_policy_name": "",
      "server_power_state": "admin-up"
    }
  }
}