{
    "org_name": "test_none",
    "org_descr": "set name to none for root org",
    "sp_temp_name": "sp_temp_none",
    "sp_temp_descr": "no VLANs, IP Pool, vHBAs...",
    "vlans": "none",
    "maintenance_policy": {
      "name": "L-none_user_ack",
      "uptime_disr": "user-ack",
      "descr": "Maintenance Policy: User Ack"
    },
    "network_control_policy": {
      "name": "L-none_ncp",
      "cdp_state": "disabled",
      "mac_register_mode": "all-host-vlans",
      "policy_owner": "local",
      "uplink_fail_action": "link-down",
      "forge": "allow",
      "lldp_transmit": "disabled",
      "lldp_receive": "disabled",
      "descr": "Network Control Policy"
    },
    "local_disk_policy": {
      "name": "L-none_ldp",
      "mode": "raid-mirrored",
      "flex_state": "disable",
      "flex_raid": "disable",
      "protect": "yes",
      "descr": "Local Drives RAID-1"
    },
    "boot_policy": {
      "name": "L-none_boot",
      "reboot_on_update": "no",
      "enforce_vnic_name": "yes",
      "boot_mode": "legacy",
      "descr": "boot policy",
      "policy_owner": "local",
      "media": {
        "CD/DVD": {
          "order": "1"
        },
        "HDD/SSD": {
          "order": "2"
        }
      }
    },
    "id_pools": {
      "uuid_pool": {
        "type": "uuid",
        "name": "L-none_uuid",
        "policy_owner": "local",
        "assignment_order": "sequential",
        "from": "110B-0025B5001101",
        "to": "110B-0025B50011FF",
        "descr": "UUID Pool"
      },
      "mac_pool_a": {
        "type": "mac",
        "name": "L-none_mac_A",
        "policy_owner": "local",
        "assignment_order": "sequential",
        "from": "00:25:B5:11:BA:01",
        "to": "00:25:B5:11:BA:FF",
        "descr": "MAC Pool Fabric A"
      },
      "mac_pool_b": {
        "type": "mac",
        "name": "L-none_mac_B",
        "policy_owner": "local",
        "assignment_order": "sequential",
        "from": "00:25:B5:11:BB:01",
        "to": "00:25:B5:11:BB:FF",
        "descr": "MAC Pool Fabric B"
      }
    },
    "ip_pool": "none",
    "vnics": {
      "L-none_data_FF_B": {
        "descr": "Data Fabric Failover B Primary",
        "policy_owner": "local",
        "vlan_list": [["default", "yes"]],
        "switch_id": "B-A",
        "mtu": "1500",
        "con_policy_type": "",
        "con_policy_name": "",
        "qos_policy_name": "",
        "target": "adaptor",
        "ident_pool_name": "L-none_mac_B",
        "nw_ctrl_policy_name": "L-none_ncp",
        "pin_to_group_name": "",
        "stats_policy_name": "default",
        "templ_type": "updating-template"
      },
      "L-none_mgmt_FF_A": {
        "descr": "MGMT Fabric Failover A Primary",
        "policy_owner": "local",
        "vlan_list": [["default", "yes"]],
        "switch_id": "A-B",
        "mtu": "1500",
        "con_policy_type": "",
        "con_policy_name": "",
        "qos_policy_name": "",
        "target": "adaptor",
        "ident_pool_name": "L-none_mac_A",
        "nw_ctrl_policy_name": "L-none_ncp",
        "pin_to_group_name": "",
        "stats_policy_name": "default",
        "templ_type": "updating-template"
      }
    },
    "lan_conn": {
      "details": {
        "name": "L-none_lan_conn",
        "descr": "LAN connectivity policy"
      },
      "adapters": {
        "NIC_1": {
          "name": "eth0",
          "vnic_temp": "L-none_data_FF_B",
          "adapter_profile": "Linux",
          "switch_id": "B-A",
          "adapter_order": "1"
        },
        "NIC_2": {
          "name": "eth1",
          "vnic_temp": "L-none_mgmt_FF_A",
          "adapter_profile": "Linux",
          "switch_id": "A-B",
          "adapter_order": "2"
        }
      }
    },
    "vhbas": "none",
    "san_conn": "none"
}