{
    "org_1":{
            "name": "redhat",
            "vlans":{
                    "L-rhel_data": ["none", "76", "", "included", "no", "", "fabric/lan"],
                    "L-rhel_mgmt": ["none", "77", "", "included", "no", "", "fabric/lan"]
                    },
            "maintenance_policy":{
                                 "mp_name": "L-rhel_user_ack",
                                 "uptime_disr": "user-ack",
                                 "descr": "Maintenance Policy: User Ack",
                                 "parent_dn": "org-root"
                                 },
            "nc_policy":{
                        "ncp_name": "L-rhel_ncp",
                        "cdp_state": "disabled",
                        "mac_register_mode": "all-host-vlans",
                        "uplink_fail_action": "link-down",
                        "forge": "allow",
                        "lldp_transmit": "disabled",
                        "lldp_receive": "disabled",
                        "descr": "Red Hat Network Control Policy",
                        "parent_dn": "org-root"
                        },
            "local_disk_policy":{
                                "ldp_name": "L-rhel_ldp",
                                "ldp_mode": "raid-mirrored",
                                "flex_state": "disable",
                                "flex_raid": "disable",
                                "protect": "yes",
                                "descr": "Red Hat Local Drives RAID-1",
                                "parent_dn": "org-root"
                                },
            "id_pools":{
                       "uuid_pool":{
                                   "type": "uuid",
                                   "name": "L-rhel_uuid",
                                   "assignment_order": "sequential",
                                   "from": "000B-0025B5001101",
                                   "to": "000B-0025B50011FF",
                                   "descr": "RHEL UUID Pool",
                                   "parent_dn": "org-root"
                                   },
                       "wwnn_pool":{
                                   "type": "wwnn",
                                   "name": "L-rhel_wwnn",
                                   "assignment_order": "sequential",
                                   "from": "20:00:00:25:B5:00:B1:01",
                                   "to": "20:00:00:25:B5:00:B1:FF",
                                   "descr": "RHEL WWNN Pool",
                                   "parent_dn": "org-root"
                                   },
                       "wwpn_pool_a":{
                                     "type": "wwpn",
                                     "name": "L-rhel_wwpn_A",
                                     "assignment_order": "sequential",
                                     "from": "20:00:00:25:B5:00:BA:01",
                                     "to": "20:00:00:25:B5:00:BA:FF",
                                     "descr": "RHEL WWPN Pool Fabric A",
                                     "parent_dn": "org-root"
                                     },
                       "wwpn_pool_b":{
                                     "type": "wwpn",
                                     "name": "L-rhel_wwpn_B",
                                     "assignment_order": "sequential",
                                     "from": "20:00:00:25:B5:00:BB:01",
                                     "to": "20:00:00:25:B5:00:BB:FF",
                                     "descr": "RHEL WWPN Pool Fabric B",
                                     "parent_dn": "org-root"
                                     },
                       "mac_pool_a":{
                                    "type": "mac",
                                    "name": "L-rhel_mac_A",
                                    "assignment_order": "sequential",
                                    "from": "00:25:B5:00:BA:01",
                                    "to": "00:25:B5:00:BA:FF",
                                    "descr": "RHEL MAC Pool Fabric A",
                                    "parent_dn": "org-root"
                                    },
                       "mac_pool_b":{
                                    "type": "mac",
                                    "name": "L-rhel_mac_B",
                                    "assignment_order": "sequential",
                                    "from": "00:25:B5:00:BB:01",
                                    "to": "00:25:B5:00:BB:FF",
                                    "descr": "RHEL MAC Pool Fabric B",
                                    "parent_dn": "org-root"
                                    }
                       },
            "vnics":{
                    "L-rhel_data_FF_B":{
                                     "descr": "RHEL Data Fabric Failover B Primary",
                                     "mac_pool": "L-rhel_mac_B",
                                     "vlan_list": [["L-rhel_data", "yes"]],
                                     "switch_id": "B-A",
                                     "mtu": "1500",
                                     "con_policy_type": "",
                                     "con_policy_name": "",
                                     "qos_policy_name": "",
                                     "target": "adaptor",
                                     "nw_ctrl_policy_name": "L-rhel_ncp",
                                     "pin_to_group_name": "",
                                     "stats_policy_name": "default",
                                     "templ_type": "updating-template",
                                     "parent_dn": "org-root"
                                     },
                    "L-rhel_mgmt_FF_A":{
                                     "descr": "RHEL MGMT Fabric Failover A Primary",
                                     "mac_pool": "L-rhel_mac_A",
                                     "vlan_list": [["L-rhel_mgmt", "yes"]],
                                     "switch_id": "A-B",
                                     "mtu": "1500",
                                     "con_policy_type": "",
                                     "con_policy_name": "",
                                     "qos_policy_name": "",
                                     "target": "adaptor",
                                     "nw_ctrl_policy_name": "L-rhel_ncp",
                                     "pin_to_group_name": "",
                                     "stats_policy_name": "default",
                                     "templ_type": "updating-template",
                                     "parent_dn": "org-root"
                                     }
                    },
            "lan_conn":{
                       "L-rhel_lan_conn":{
                                       "descr": "rhel LAN connectivity policy",
                                       "parent_dn": "org-root",
                                       "eth0":{
                                              "name": "eth0",
                                              "vnic_temp": "L-rhel_data_FF_B",
                                              "adapter_profile": "Linux",
                                              "switch_id": "B-A",
                                              "adapter_order": "3"
                                              },
                                       "eth1":{
                                              "name": "eth1",
                                              "vnic_temp": "L-rhel_mgmt_FF_A",
                                              "adapter_profile": "Linux",
                                              "switch_id": "A-B",
                                              "adapter_order": "4"
                                              }
                                       }
                       },
            "vhbas":{
                    "L-rhel_fabric_A":{
                                    "descr": "RHEL SAN A",
                                    "wwpn_pool": "L-rhel_wwpn_A",
                                    "vsan_name": "SAN_A",
                                    "fabric_id": "A",
                                    "pin_to_group_name": "",
                                    "stats_policy_name": "default",
                                    "templ_type": "initial-template",
                                    "parent_dn": "org-root"
                                    },
                    "L-rhel_fabric_B":{
                                    "descr": "RHEL SAN B",
                                    "wwpn_pool": "L-rhel_wwpn_B",
                                    "vsan_name": "SAN_B",
                                    "fabric_id": "B",
                                    "pin_to_group_name": "",
                                    "stats_policy_name": "default",
                                    "templ_type": "initial-template",
                                    "parent_dn": "org-root"
                                    }
                   },
            "san_conn":{
                       "L-rhel_san_conn":{
                                       "fc0":{
                                             "vhba_temp": "L-rhel_fabric_A",
                                             "adapter_profile": "Linux",
                                             "fabric_id": "A",
                                             "adapter_order": "1",
                                             "wwnn_pool": "L-rhel_wwnn"
                                             },
                                       "fc1":{
                                             "vhba_temp": "L-rhel_fabric_B",
                                             "adapter_profile": "Linux",
                                             "fabric_id": "B",
                                             "adapter_order": "2",
                                             "wwnn_pool": "L-rhel_wwnn"
                                             }
                                       }
                       }
            }
}