{
  "org_1":{
    "name": "none",
    "descr": "using root org",
    "vlans":{
      "L-vmw_data_1": {
        "sharing": "none",
        "vlan_id": "1977",
        "mcast_policy_name": "",
        "policy_owner": "local",
        "compression_type": "included",
        "default_net": "no",
        "pub_nw_name": "",
        "vlan_dn": "fabric/lan"
      },
      "L-vmw_data_2": {
        "sharing": "none",
        "vlan_id": "2004",
        "mcast_policy_name": "",
        "policy_owner": "local",
        "compression_type": "included",
        "default_net": "no",
        "pub_nw_name": "",
        "vlan_dn": "fabric/lan"
      },
      "L-vmw_mgmt": {
        "sharing": "none",
        "vlan_id": "2013",
        "mcast_policy_name": "",
        "policy_owner": "local",
        "compression_type": "included",
        "default_net": "no",
        "pub_nw_name": "",
        "vlan_dn": "fabric/lan"
      },
      "L-vmw_vmotion": {
        "sharing": "none",
        "vlan_id": "2015",
        "mcast_policy_name": "",
        "policy_owner": "local",
        "compression_type": "included",
        "default_net": "no",
        "pub_nw_name": "",
        "vlan_dn": "fabric/lan"
      }
    },
    "maintenance_policy":{
      "name": "L-vmw_user_ack",
      "uptime_disr": "user-ack",
      "descr": "Maintenance Policy: User Ack"
    },
    "network_control_policy":{
      "name": "L-vmw_ncp",
      "cdp_state": "enabled",
      "mac_register_mode": "all-host-vlans",
      "uplink_fail_action": "link-down",
      "forge": "allow",
      "lldp_transmit": "disabled",
      "lldp_receive": "disabled",
      "descr": "VMware Network Control Policy"
    },
    "local_disk_policy":{
      "name": "L-vmw_ldp",
      "mode": "no-local-storage",
      "flex_state": "enable",
      "flex_raid": "enable",
      "protect": "no",
      "descr": "VMware Local Drives no disk"
    },
    "boot_policy": {
      "name": "L-vmw_boot",
      "reboot_on_update": "no",
      "enforce_vnic_name": "yes",
      "boot_mode": "legacy",
      "descr": "VMware boot policy",
      "media": {
        "vMedia": {
          "order": "1"
        },
        "FlexFlash": {
          "order": "2"
        }
      }
    },
    "id_pools":{
      "uuid_pool":{
        "type": "uuid",
        "name": "L-vmw_uuid",
        "assignment_order": "sequential",
        "from": "110C-0025B5001101",
        "to": "110C-0025B50011FF",
        "descr": "VMware UUID Pool"
      },
      "wwnn_pool":{
        "type": "wwnn",
        "name": "L-vmw_wwnn",
        "assignment_order": "sequential",
        "from": "20:00:00:25:B5:11:C1:01",
        "to": "20:00:00:25:B5:11:C1:FF",
        "descr": "VMware WWNN Pool"
      },
      "wwpn_pool_a":{
        "type": "wwpn",
        "name": "L-vmw_wwpn_A",
        "assignment_order": "sequential",
        "from": "20:00:00:25:B5:11:CA:01",
        "to": "20:00:00:25:B5:11:CA:FF",
        "descr": "VMware WWPN Pool Fabric A"
      },
      "wwpn_pool_b":{
        "type": "wwpn",
        "name": "L-vmw_wwpn_B",
        "assignment_order": "sequential",
        "from": "20:00:00:25:B5:11:CB:01",
        "to": "20:00:00:25:B5:11:CB:FF",
        "descr": "VMware WWPN Pool Fabric B"
      },
      "mac_pool_a":{
        "type": "mac",
        "name": "L-vmw_mac_A",
        "assignment_order": "sequential",
        "from": "00:25:B5:11:CA:01",
        "to": "00:25:B5:11:CA:FF",
        "descr": "VMware MAC Pool Fabric A"
      },
      "mac_pool_b":{
        "type": "mac",
        "name": "L-vmw_mac_B",
        "assignment_order": "sequential",
        "from": "00:25:B5:11:CB:01",
        "to": "00:25:B5:11:CB:FF",
        "descr": "VMware MAC Pool Fabric B"
      }
    },
    "vnics":{
      "L-vmw_mgmt_FF_B":{
        "descr": "VMware mgmt Fabric Failover B Primary",
        "vlan_list": [["L-vmw_mgmt", "yes"]],
        "switch_id": "B-A",
        "mtu": "1500",
        "con_policy_type": "",
        "con_policy_name": "",
        "qos_policy_name": "",
        "target": "adaptor",
        "ident_pool_name": "L-vmw_mac_B",
        "nw_ctrl_policy_name": "L-vmw_ncp",
        "pin_to_group_name": "",
        "stats_policy_name": "default",
        "templ_type": "updating-template"
      },
      "L-vmw_vmtn_FF_A":{
        "descr": "VMware VMotion Fabric Failover A Primary",
        "vlan_list": [["L-vmw_vmotion", "yes"]],
        "switch_id": "A-B",
        "mtu": "1500",
        "con_policy_type": "",
        "con_policy_name": "",
        "qos_policy_name": "",
        "target": "adaptor",
        "ident_pool_name": "L-vmw_mac_A",
        "nw_ctrl_policy_name": "L-vmw_ncp",
        "pin_to_group_name": "",
        "stats_policy_name": "default",
        "templ_type": "updating-template"
      },
      "L-vmw_data_A":{
        "descr": "VMware Data A",
        "vlan_list": [["default", "yes"],["L-vmw_data_1", "no"],["L-vmw_data_2", "no"]],
        "switch_id": "A",
        "mtu": "1500",
        "con_policy_type": "",
        "con_policy_name": "",
        "qos_policy_name": "",
        "target": "adaptor",
        "ident_pool_name": "L-vmw_mac_A",
        "nw_ctrl_policy_name": "L-vmw_ncp",
        "pin_to_group_name": "",
        "stats_policy_name": "default",
        "templ_type": "updating-template"
      },
      "L-vmw_data_B":{
        "descr": "VMware Data B",
        "vlan_list": [["default", "yes"],["L-vmw_data_1", "no"],["L-vmw_data_2", "no"]],
        "switch_id": "B",
        "mtu": "1500",
        "con_policy_type": "",
        "con_policy_name": "",
        "qos_policy_name": "",
        "target": "adaptor",
        "ident_pool_name": "L-vmw_mac_B",
        "nw_ctrl_policy_name": "L-vmw_ncp",
        "pin_to_group_name": "",
        "stats_policy_name": "default",
        "templ_type": "updating-template"
      }
    },
    "lan_conn":{
      "details": {
        "name": "L-vmw_lan_conn",
        "descr": "VMware LAN connectivity policy"
      },
      "adapters": {
        "eth0":{
          "name": "eth0",
          "vnic_temp": "L-vmw_mgmt_FF_B",
          "adapter_profile": "VMWare",
          "switch_id": "B-A",
          "adapter_order": "3"
        },
        "eth1":{
          "name": "eth1",
          "vnic_temp": "L-vmw_vmtn_FF_A",
          "adapter_profile": "VMWare",
          "switch_id": "A-B",
          "adapter_order": "4"
        },
        "eth2":{
          "name": "eth2",
          "vnic_temp": "L-vmw_data_A",
          "adapter_profile": "VMWare",
          "switch_id": "A",
          "adapter_order": "5"
        },
        "eth3":{
          "name": "eth3",
          "vnic_temp": "L-vmw_data_B",
          "adapter_profile": "VMWare",
          "switch_id": "B",
          "adapter_order": "6"
        }
      }
    },
    "vhbas":{
      "L-vmw_fabric_A":{
        "descr": "VMware SAN A",
        "wwpn_pool": "L-vmw_wwpn_A",
        "vsan_name": "SAN_A",
        "fabric_id": "A",
        "pin_to_group_name": "",
        "stats_policy_name": "default",
        "templ_type": "initial-template"
      },
      "L-vmw_fabric_B":{
        "descr": "VMware SAN B",
        "wwpn_pool": "L-vmw_wwpn_B",
        "vsan_name": "SAN_B",
        "fabric_id": "B",
        "pin_to_group_name": "",
        "stats_policy_name": "default",
        "templ_type": "initial-template"
      }
    },
    "san_conn": {
      "details": {
        "name": "L-vmw_san_conn",
        "descr": "VMware SAN connectivity Policy",
        "wwnn_pool": "L-vmw_wwnn"
      },
      "adapters": {
        "fc0": {
          "vhba_temp": "L-vmw_fabric_A",
          "adapter_profile": "VMWare",
          "fabric_id": "A",
          "adapter_order": "1"
        },
        "fc1": {
          "vhba_temp": "L-vmw_fabric_B",
          "adapter_profile": "VMWare",
          "fabric_id": "B",
          "adapter_order": "2"
        }
      }
    }
  }
}