{
    "org_1":{
            "name": "vmware",
            "vlans":{
                    "L-vmw_data_1": ["none", "175", "", "included", "no", "", "fabric/lan"],
                    "L-vmw_data_2": ["none", "176", "", "included", "no", "", "fabric/lan"],
                    "L-vmw_mgmt": ["none", "177", "", "included", "no", "", "fabric/lan"],
                    "L-vmw_vmotion": ["none", "173", "", "included", "no", "", "fabric/lan"]
                    },
            "maintenance_policy":{
                                 "mp_name": "L-vmw_user_ack",
                                 "uptime_disr": "user-ack",
                                 "descr": "Maintenance Policy: User Ack",
                                 "parent_dn": "org-root"
                                 },
            "nc_policy":{
                        "ncp_name": "L-vmw_ncp",
                        "cdp_state": "enabled",
                        "mac_register_mode": "all-host-vlans",
                        "uplink_fail_action": "link-down",
                        "forge": "allow",
                        "lldp_transmit": "disabled",
                        "lldp_receive": "disabled",
                        "descr": "VMware Network Control Policy",
                        "parent_dn": "org-root"
                        },
            "local_disk_policy":{
                                "ldp_name": "L-vmw_ldp",
                                "ldp_mode": "no-local-storage",
                                "flex_state": "enable",
                                "flex_raid": "enable",
                                "protect": "no",
                                "descr": "VMware Local Drives no disk",
                                "parent_dn": "org-root"
                                },
            "id_pools":{
                       "uuid_pool":{
                                   "type": "uuid",
                                   "name": "L-vmw_uuid",
                                   "assignment_order": "sequential",
                                   "from": "110C-0025B5001101",
                                   "to": "110C-0025B50011FF",
                                   "descr": "VMware UUID Pool",
                                   "parent_dn": "org-root"
                                   },
                       "wwnn_pool":{
                                   "type": "wwnn",
                                   "name": "L-vmw_wwnn",
                                   "assignment_order": "sequential",
                                   "from": "20:00:00:25:B5:11:C1:01",
                                   "to": "20:00:00:25:B5:11:C1:FF",
                                   "descr": "VMware WWNN Pool",
                                   "parent_dn": "org-root"
                                   },
                       "wwpn_pool_a":{
                                     "type": "wwpn",
                                     "name": "L-vmw_wwpn_A",
                                     "assignment_order": "sequential",
                                     "from": "20:00:00:25:B5:11:CA:01",
                                     "to": "20:00:00:25:B5:11:CA:FF",
                                     "descr": "VMware WWPN Pool Fabric A",
                                     "parent_dn": "org-root"
                                     },
                       "wwpn_pool_b":{
                                     "type": "wwpn",
                                     "name": "L-vmw_wwpn_B",
                                     "assignment_order": "sequential",
                                     "from": "20:00:00:25:B5:11:CB:01",
                                     "to": "20:00:00:25:B5:11:CB:FF",
                                     "descr": "VMware WWPN Pool Fabric B",
                                     "parent_dn": "org-root"
                                     },
                       "mac_pool_a":{
                                    "type": "mac",
                                    "name": "L-vmw_mac_A",
                                    "assignment_order": "sequential",
                                    "from": "00:25:B5:11:CA:01",
                                    "to": "00:25:B5:11:CA:FF",
                                    "descr": "VMware MAC Pool Fabric A",
                                    "parent_dn": "org-root"
                                    },
                       "mac_pool_b":{
                                    "type": "mac",
                                    "name": "L-vmw_mac_B",
                                    "assignment_order": "sequential",
                                    "from": "00:25:B5:11:CB:01",
                                    "to": "00:25:B5:11:CB:FF",
                                    "descr": "VMware MAC Pool Fabric B",
                                    "parent_dn": "org-root"
                                    }
                       },
            "vnics":{
                    "vmw_mgmt_FF_B":{
                                     "descr": "VMware mgmt Fabric Failover B Primary",
                                     "mac_pool": "L-vmw_mac_B",
                                     "vlan_list": [["L-vmw_mgmt", "yes"]],
                                     "switch_id": "B-A",
                                     "mtu": "1500",
                                     "con_policy_type": "",
                                     "con_policy_name": "",
                                     "qos_policy_name": "",
                                     "target": "adaptor",
                                     "nw_ctrl_policy_name": "L-vmw_ncp",
                                     "pin_to_group_name": "",
                                     "stats_policy_name": "default",
                                     "templ_type": "updating-template",
                                     "parent_dn": "org-root"
                                     },
                    "vmw_vmotion_FF_A":{
                                       "descr": "VMware VMotion Fabric Failover A Primary",
                                       "mac_pool": "L-vmw_mac_A",
                                       "vlan_list": [["L-vmw_vmotion", "yes"]],
                                       "switch_id": "A-B",
                                       "mtu": "1500",
                                       "con_policy_type": "",
                                       "con_policy_name": "",
                                       "qos_policy_name": "",
                                       "target": "adaptor",
                                       "nw_ctrl_policy_name": "L-vmw_ncp",
                                       "pin_to_group_name": "",
                                       "stats_policy_name": "default",
                                       "templ_type": "updating-template",
                                       "parent_dn": "org-root"
                                       },
                    "vmw_data_A":{
                                 "descr": "VMware Data A",
                                 "mac_pool": "L-vmw_mac_A",
                                 "vlan_list": [["default", "yes"],["L-vmw_data_1", "no"],["L-vmw_data_2", "no"]],
                                 "switch_id": "A",
                                 "mtu": "1500",
                                 "con_policy_type": "",
                                 "con_policy_name": "",
                                 "qos_policy_name": "",
                                 "target": "adaptor",
                                 "nw_ctrl_policy_name": "L-vmw_ncp",
                                 "pin_to_group_name": "",
                                 "stats_policy_name": "default",
                                 "templ_type": "updating-template",
                                 "parent_dn": "org-root"
                                 },
                    "vmw_data_B":{
                                 "descr": "VMware Data B",
                                 "mac_pool": "L-vmw_mac_B",
                                 "vlan_list": [["default", "yes"],["L-vmw_data_1", "no"],["L-vmw_data_2", "no"]],
                                 "switch_id": "B",
                                 "mtu": "1500",
                                 "con_policy_type": "",
                                 "con_policy_name": "",
                                 "qos_policy_name": "",
                                 "target": "adaptor",
                                 "nw_ctrl_policy_name": "L-vmw_ncp",
                                 "pin_to_group_name": "",
                                 "stats_policy_name": "default",
                                 "templ_type": "updating-template",
                                 "parent_dn": "org-root"
                                 }
                    },
            "lan_conn":{
                       "L-vmw_lan_conn":{
                                       "descr": "VMware LAN connectivity policy",
                                       "parent_dn": "org-root",
                                       "eth0":{
                                              "name": "eth0",
                                              "vnic_temp": "vmw_mgmt_FF_B",
                                              "adapter_profile": "VMWare",
                                              "switch_id": "B-A",
                                              "adapter_order": "3"
                                              },
                                       "eth1":{
                                              "name": "eth1",
                                              "vnic_temp": "vmw_vmotion_FF_A",
                                              "adapter_profile": "VMWare",
                                              "switch_id": "A-B",
                                              "adapter_order": "4"
                                              },
                                       "eth2":{
                                              "name": "eth2",
                                              "vnic_temp": "vmw_data_A",
                                              "adapter_profile": "VMWare",
                                              "switch_id": "A",
                                              "adapter_order": "5"
                                              },
                                       "eth3":{
                                              "name": "eth3",
                                              "vnic_temp": "vmw_data_B",
                                              "adapter_profile": "VMWare",
                                              "switch_id": "B",
                                              "adapter_order": "6"
                                              }
                                       }
                       },
            "vhbas":{
                    "L-vmw_fabric_A":{
                                    "descr": "VMware SAN A",
                                    "wwpn_pool": "L-vmw_wwpn_A",
                                    "vsan_name": "SAN_A",
                                    "fabric_id": "A",
                                    "pin_to_group_name": "",
                                    "stats_policy_name": "default",
                                    "templ_type": "initial-template",
                                    "parent_dn": "org-root"
                                    },
                    "L-vmw_fabric_B":{
                                    "descr": "VMware SAN B",
                                    "wwpn_pool": "L-vmw_wwpn_B",
                                    "vsan_name": "SAN_B",
                                    "fabric_id": "B",
                                    "pin_to_group_name": "",
                                    "stats_policy_name": "default",
                                    "templ_type": "initial-template",
                                    "parent_dn": "org-root"
                                    }
                   },
            "san_conn":{
                       "vmw_san_conn":{
                                       "fc0":{
                                             "vhba_temp": "L-vmw_fabric_A",
                                             "adapter_profile": "VMware",
                                             "fabric_id": "A",
                                             "adapter_order": "1",
                                             "wwnn_pool": "L-vmw_wwnn"
                                             },
                                       "fc1":{
                                             "vhba_temp": "L-vmw_fabric_B",
                                             "adapter_profile": "VMware",
                                             "fabric_id": "B",
                                             "adapter_order": "2",
                                             "wwnn_pool": "L-vmw_wwnn"
                                             }
                                       }
                       }
            }
}