{
    "org_name": "L-ntnx",
    "org_descr": "NTNX Org",
    "sp_temp_name": "L-ntnx_sp_temp",
    "sp_temp_descr": "NTNX service profile template",
    "vlans":{
      "L-ntnx_mgmt": {
        "sharing": "none",
        "vlan_id": "",
        "mcast_policy_name": "",
        "policy_owner": "local",
        "compression_type": "included",
        "default_net": "no",
        "pub_nw_name": "",
        "vlan_dn": "fabric/lan"
      },
      "L-ntnx_vmotion": {
        "sharing": "none",
        "vlan_id": "",
        "mcast_policy_name": "",
        "policy_owner": "local",
        "compression_type": "included",
        "default_net": "no",
        "pub_nw_name": "",
        "vlan_dn": "fabric/lan"
      },
      "L-ntnx_cvm_data": {
        "sharing": "none",
        "vlan_id": "",
        "mcast_policy_name": "",
        "policy_owner": "local",
        "compression_type": "included",
        "default_net": "no",
        "pub_nw_name": "",
        "vlan_dn": "fabric/lan"
      }
    },
    "maintenance_policy":{
      "name": "L-ntnx_user_ack",
      "uptime_disr": "user-ack",
      "descr": "Maintenance Policy: User Ack"
    },
    "network_control_policy":{
      "name": "L-ntnx_ncp",
      "cdp_state": "enabled",
      "mac_register_mode": "all-host-vlans",
      "policy_owner": "local",
      "uplink_fail_action": "link-down",
      "forge": "allow",
      "lldp_transmit": "disabled",
      "lldp_receive": "disabled",
      "descr": "NTNX Network Control Policy"
    },
    "local_disk_policy":{
      "name": "L-ntnx_ldp",
      "mode": "no-local-storage",
      "flex_state": "enable",
      "flex_raid": "enable",
      "protect": "no",
      "descr": "NTNX Local Drives"
    },
    "boot_policy": {
      "name": "L-ntnx_boot",
      "reboot_on_update": "no",
      "enforce_vnic_name": "yes",
      "boot_mode": "legacy",
      "descr": "NTNX boot policy",
      "policy_owner": "local",
      "media": {
        "CD/DVD": {
          "order": "1"
        },
        "FlexFlash": {
          "order": "2"
        }
      }
    },
    "id_pools":{
      "uuid_pool":{
        "type": "uuid",
        "name": "L-ntnx_uuid",
        "policy_owner": "local",
        "assignment_order": "sequential",
        "from": "110C-0025B5001101",
        "to": "110C-0025B50011FF",
        "descr": "NTNX UUID Pool"
      },
      "mac_pool_a":{
        "type": "mac",
        "name": "L-ntnx_mac_A",
        "policy_owner": "local",
        "assignment_order": "sequential",
        "from": "00:25:B5:11:CA:01",
        "to": "00:25:B5:11:CA:FF",
        "descr": "NTNX MAC Pool Fabric A"
      },
      "mac_pool_b":{
        "type": "mac",
        "name": "L-ntnx_mac_B",
        "policy_owner": "local",
        "assignment_order": "sequential",
        "from": "00:25:B5:11:CB:01",
        "to": "00:25:B5:11:CB:FF",
        "descr": "NTNX MAC Pool Fabric B"
      }
    },
    "ip_pool": "none",
    "vnics":{
      "L-ntnx_mgmt_A":{
        "descr": "NTNX mgmt A",
        "policy_owner": "local",
        "vlan_list": [["L-ntnx_mgmt", "yes"]],
        "switch_id": "A",
        "mtu": "1500",
        "con_policy_type": "",
        "con_policy_name": "",
        "qos_policy_name": "",
        "target": "adaptor",
        "mac_pool": "L-ntnx_mac_A",
        "nw_ctrl_policy_name": "L-ntnx_ncp",
        "pin_to_group_name": "",
        "stats_policy_name": "default",
        "templ_type": "updating-template",
        "peer_redundancy_templ_name": "",
        "redundancy_pair_type": "primary"
      },
      "L-ntnx_mgmt_B":{
        "descr": "NTNX mgmt B",
        "policy_owner": "local",
        "vlan_list": [["L-ntnx_mgmt", "yes"]],
        "switch_id": "B",
        "mtu": "1500",
        "con_policy_type": "",
        "con_policy_name": "",
        "qos_policy_name": "",
        "target": "adaptor",
        "mac_pool": "L-ntnx_mac_B",
        "nw_ctrl_policy_name": "L-ntnx_ncp",
        "pin_to_group_name": "",
        "stats_policy_name": "default",
        "templ_type": "updating-template",
        "peer_redundancy_templ_name": "L-ntnx_mgmt_A",
        "redundancy_pair_type": "secondary"
      },
      "L-ntnx_vmtn_A":{
        "descr": "NTNX VMotion A",
        "policy_owner": "local",
        "vlan_list": [["L-ntnx_vmotion", "yes"]],
        "switch_id": "A",
        "mtu": "1500",
        "con_policy_type": "",
        "con_policy_name": "",
        "qos_policy_name": "",
        "target": "adaptor",
        "mac_pool": "L-ntnx_mac_A",
        "nw_ctrl_policy_name": "L-ntnx_ncp",
        "pin_to_group_name": "",
        "stats_policy_name": "default",
        "templ_type": "updating-template",
        "peer_redundancy_templ_name": "",
        "redundancy_pair_type": "primary"
      },
      "L-ntnx_vmtn_B":{
        "descr": "NTNX VMotion B",
        "policy_owner": "local",
        "vlan_list": [["L-ntnx_vmotion", "yes"]],
        "switch_id": "B",
        "mtu": "1500",
        "con_policy_type": "",
        "con_policy_name": "",
        "qos_policy_name": "",
        "target": "adaptor",
        "mac_pool": "L-ntnx_mac_B",
        "nw_ctrl_policy_name": "L-ntnx_ncp",
        "pin_to_group_name": "",
        "stats_policy_name": "default",
        "templ_type": "updating-template",
        "peer_redundancy_templ_name": "L-ntnx_vmtn_A",
        "redundancy_pair_type": "secondary"
      },
      "L-ntnx_data_A":{
        "descr": "NTNX cVM Data A",
        "policy_owner": "local",
        "vlan_list": [["L-ntnx_cvm_data", "yes"]],
        "switch_id": "A",
        "mtu": "1500",
        "con_policy_type": "",
        "con_policy_name": "",
        "qos_policy_name": "",
        "target": "adaptor",
        "mac_pool": "L-ntnx_mac_A",
        "nw_ctrl_policy_name": "L-ntnx_ncp",
        "pin_to_group_name": "",
        "stats_policy_name": "default",
        "templ_type": "updating-template",
        "peer_redundancy_templ_name": "",
        "redundancy_pair_type": "primary"
      },
      "L-ntnx_data_B":{
        "descr": "NTNX cVM Data B",
        "policy_owner": "local",
        "vlan_list": [["L-ntnx_cvm_data", "yes"]],
        "switch_id": "B",
        "mtu": "1500",
        "con_policy_type": "",
        "con_policy_name": "",
        "qos_policy_name": "",
        "target": "adaptor",
        "mac_pool": "L-ntnx_mac_B",
        "nw_ctrl_policy_name": "L-ntnx_ncp",
        "pin_to_group_name": "",
        "stats_policy_name": "default",
        "templ_type": "updating-template",
        "peer_redundancy_templ_name": "L-ntnx_data_A",
        "redundancy_pair_type": "secondary"
      },
      "L-vm_data_A":{
        "descr": "VM Data A",
        "policy_owner": "local",
        "vlan_list": [["default", "yes"]],
        "switch_id": "A",
        "mtu": "1500",
        "con_policy_type": "",
        "con_policy_name": "",
        "qos_policy_name": "",
        "target": "adaptor",
        "mac_pool": "L-ntnx_mac_A",
        "nw_ctrl_policy_name": "L-ntnx_ncp",
        "pin_to_group_name": "",
        "stats_policy_name": "default",
        "templ_type": "updating-template",
        "peer_redundancy_templ_name": "",
        "redundancy_pair_type": "primary"
      },
      "L-vm_data_B":{
        "descr": "VM Data B",
        "policy_owner": "local",
        "vlan_list": [["default", "yes"]],
        "switch_id": "B",
        "mtu": "1500",
        "con_policy_type": "",
        "con_policy_name": "",
        "qos_policy_name": "",
        "target": "adaptor",
        "mac_pool": "L-ntnx_mac_B",
        "nw_ctrl_policy_name": "L-ntnx_ncp",
        "pin_to_group_name": "",
        "stats_policy_name": "default",
        "templ_type": "updating-template",
        "peer_redundancy_templ_name": "L-vm_data_A",
        "redundancy_pair_type": "secondary"
      }
    },
    "lan_conn":{
      "details": {
        "name": "L-ntnx_lan_conn",
        "descr": "NTNX LAN connectivity policy"
      },
      "adapters": {
        "NIC_1":{
          "name": "eth0",
          "vnic_temp": "L-ntnx_mgmt_A",
          "adapter_profile": "VMWare",
          "switch_id": "A",
          "adapter_order": "3"
        },
        "NIC_2":{
          "name": "eth1",
          "vnic_temp": "L-ntnx_mgmt_B",
          "adapter_profile": "VMWare",
          "switch_id": "B",
          "adapter_order": "4"
        },
        "NIC_3":{
          "name": "eth2",
          "vnic_temp": "L-ntnx_vmtn_A",
          "adapter_profile": "VMWare",
          "switch_id": "A",
          "adapter_order": "5"
        },
        "NIC_4":{
          "name": "eth3",
          "vnic_temp": "L-ntnx_vmtn_B",
          "adapter_profile": "VMWare",
          "switch_id": "B",
          "adapter_order": "6"
        },
        "NIC_5":{
          "name": "eth4",
          "vnic_temp": "L-ntnx_data_A",
          "adapter_profile": "VMWare",
          "switch_id": "A",
          "adapter_order": "7"
        },
        "NIC_6":{
          "name": "eth5",
          "vnic_temp": "L-ntnx_data_B",
          "adapter_profile": "VMWare",
          "switch_id": "B",
          "adapter_order": "8"
        },
        "NIC_7":{
          "name": "eth6",
          "vnic_temp": "L-vm_data_A",
          "adapter_profile": "VMWare",
          "switch_id": "A",
          "adapter_order": "9"
        },
        "NIC_8":{
          "name": "eth7",
          "vnic_temp": "L-vm_data_B",
          "adapter_profile": "VMWare",
          "switch_id": "B",
          "adapter_order": "10"
        }
      }
    },
    "vhbas": "none",
    "san_conn": "none"
}