{
    "org_name": "L-redhat",
    "org_descr": "Red Hat Org",
    "sp_temp_name": "L-rhel_sp_temp",
    "sp_temp_descr": "Red Hat service profile template",
    "vlans": {
      "L-rhel_data": {
        "sharing": "none",
        "vlan_id": "76",
        "mcast_policy_name": "",
        "policy_owner": "local",
        "compression_type": "included",
        "default_net": "no",
        "pub_nw_name": "",
        "vlan_dn": "fabric/lan"
      },
      "L-rhel_mgmt": {
        "sharing": "none",
        "vlan_id": "77",
        "mcast_policy_name": "",
        "policy_owner": "local",
        "compression_type": "included",
        "default_net": "no",
        "pub_nw_name": "",
        "vlan_dn": "fabric/lan"
      }
    },
    "maintenance_policy": {
      "name": "L-rhel_user_ack",
      "uptime_disr": "user-ack",
      "descr": "Maintenance Policy: User Ack"
    },
    "network_control_policy": {
      "name": "L-rhel_ncp",
      "cdp_state": "disabled",
      "mac_register_mode": "all-host-vlans",
      "policy_owner": "local",
      "uplink_fail_action": "link-down",
      "forge": "allow",
      "lldp_transmit": "disabled",
      "lldp_receive": "disabled",
      "descr": "Red Hat Network Control Policy"
    },
    "local_disk_policy": {
      "name": "L-rhel_ldp",
      "mode": "raid-mirrored",
      "flex_state": "disable",
      "flex_raid": "disable",
      "protect": "yes",
      "descr": "Red Hat Local Drives RAID-1"
    },
    "boot_policy": {
      "name": "L-rhel_boot",
      "reboot_on_update": "no",
      "enforce_vnic_name": "yes",
      "boot_mode": "legacy",
      "descr": "Red Hat boot policy",
      "policy_owner": "local",
      "media": {
        "CD/DVD": {
          "order": "1"
        },
        "HDD/SSD": {
          "order": "2"
        },
        "FC_SAN": {
          "order": "3",
          "primary_adapter": "fc0",
          "secondary_adapter": "fc1",
          "lun_id": "0",
          "primary_wwn": "50:00:00:00:00:00:00:01",
          "primary_wwn_secondary": "50:00:00:00:00:00:00:03",
          "secondary_wwn": "50:00:00:00:00:00:00:02",
          "secondary_wwn_secondary": "50:00:00:00:00:00:00:04"
        }
      }
    },
    "id_pools": {
      "uuid_pool": {
        "type": "uuid",
        "name": "L-rhel_uuid",
        "policy_owner": "local",
        "assignment_order": "sequential",
        "from": "110B-0025B5001101",
        "to": "110B-0025B50011FF",
        "descr": "RHEL UUID Pool"
      },
      "wwnn_pool": {
        "type": "wwnn",
        "name": "L-rhel_wwnn",
        "policy_owner": "local",
        "assignment_order": "sequential",
        "from": "20:00:00:25:B5:11:B1:01",
        "to": "20:00:00:25:B5:11:B1:FF",
        "descr": "RHEL WWNN Pool"
      },
      "wwpn_pool_a": {
        "type": "wwpn",
        "name": "L-rhel_wwpn_A",
        "policy_owner": "local",
        "assignment_order": "sequential",
        "from": "20:00:00:25:B5:11:BA:01",
        "to": "20:00:00:25:B5:11:BA:FF",
        "descr": "RHEL WWPN Pool Fabric A"
      },
      "wwpn_pool_b": {
        "type": "wwpn",
        "name": "L-rhel_wwpn_B",
        "policy_owner": "local",
        "assignment_order": "sequential",
        "from": "20:00:00:25:B5:11:BB:01",
        "to": "20:00:00:25:B5:11:BB:FF",
        "descr": "RHEL WWPN Pool Fabric B"
      },
      "mac_pool_a": {
        "type": "mac",
        "name": "L-rhel_mac_A",
        "policy_owner": "local",
        "assignment_order": "sequential",
        "from": "00:25:B5:11:BA:01",
        "to": "00:25:B5:11:BA:FF",
        "descr": "RHEL MAC Pool Fabric A"
      },
      "mac_pool_b": {
        "type": "mac",
        "name": "L-rhel_mac_B",
        "policy_owner": "local",
        "assignment_order": "sequential",
        "from": "00:25:B5:11:BB:01",
        "to": "00:25:B5:11:BB:FF",
        "descr": "RHEL MAC Pool Fabric B"
      }
    },
    "ip_pool": {
      "name": "L-rhel_ip_pool",
      "descr": "KVM IP pool",
      "policy_owner": "local",
      "assignment_order": "sequential",
      "prim_dns": "208.67.222.222",
      "sec_dns": "208.67.220.220",
      "from": "192.168.76.2",
      "to": "192.168.76.254",
      "def_gw": "192.168.76.1"
    },
    "vnics": {
      "L-rhel_data_FF_B": {
        "descr": "RHEL Data Fabric Failover B Primary",
        "policy_owner": "local",
        "vlan_list": [["L-rhel_data", "yes"]],
        "switch_id": "B-A",
        "mtu": "1500",
        "con_policy_type": "",
        "con_policy_name": "",
        "qos_policy_name": "",
        "target": "adaptor",
        "ident_pool_name": "L-rhel_mac_B",
        "nw_ctrl_policy_name": "L-rhel_ncp",
        "pin_to_group_name": "",
        "stats_policy_name": "default",
        "templ_type": "updating-template"
      },
      "L-rhel_mgmt_FF_A": {
        "descr": "RHEL MGMT Fabric Failover A Primary",
        "policy_owner": "local",
        "vlan_list": [["L-rhel_mgmt", "yes"]],
        "switch_id": "A-B",
        "mtu": "1500",
        "con_policy_type": "",
        "con_policy_name": "",
        "qos_policy_name": "",
        "target": "adaptor",
        "ident_pool_name": "L-rhel_mac_A",
        "nw_ctrl_policy_name": "L-rhel_ncp",
        "pin_to_group_name": "",
        "stats_policy_name": "default",
        "templ_type": "updating-template"
      }
    },
    "lan_conn": {
      "details": {
        "name": "L-rhel_lan_conn",
        "descr": "rhel LAN connectivity policy"
      },
      "adapters": {
        "NIC_1": {
          "name": "eth0",
          "vnic_temp": "L-rhel_data_FF_B",
          "adapter_profile": "Linux",
          "switch_id": "B-A",
          "adapter_order": "3"
        },
        "NIC_2": {
          "name": "eth1",
          "vnic_temp": "L-rhel_mgmt_FF_A",
          "adapter_profile": "Linux",
          "switch_id": "A-B",
          "adapter_order": "4"
        }
      }
    },
    "vhbas": {
      "L-rhel_fabric_A": {
        "descr": "RHEL SAN A",
        "redundancy_pair_type": "none",
        "peer_redundancy_templ_name": "",
        "policy_owner": "local",
        "wwpn_pool": "L-rhel_wwpn_A",
        "vsan_name": "SAN_A",
        "fabric_id": "A",
        "pin_to_group_name": "",
        "qos_policy_name": "",
        "stats_policy_name": "default",
        "templ_type": "initial-template"
      },
      "L-rhel_fabric_B": {
        "descr": "RHEL SAN B",
        "redundancy_pair_type": "none",
        "peer_redundancy_templ_name": "",
        "policy_owner": "local",
        "wwpn_pool": "L-rhel_wwpn_B",
        "vsan_name": "SAN_B",
        "fabric_id": "B",
        "pin_to_group_name": "",
        "qos_policy_name": "",
        "stats_policy_name": "default",
        "templ_type": "initial-template"
      }
    },
    "san_conn": {
      "details": {
        "name": "L-rhel_san_conn",
        "descr": "Red Hat SAN connectivity Policy",
        "policy_owner": "local",
        "wwnn_pool": "L-rhel_wwnn"
      },
      "adapters": {
        "HBA_1": {
          "name": "fc0",
          "vhba_temp": "L-rhel_fabric_A",
          "adapter_profile": "Linux",
          "fabric_id": "A",
          "adapter_order": "1"
        },
        "HBA_2": {
          "name": "fc1",
          "vhba_temp": "L-rhel_fabric_B",
          "adapter_profile": "Linux",
          "fabric_id": "B",
          "adapter_order": "2"
        }
      }
    }
}