{
    "org_name": "L-rhv",
    "org_descr": "Red Hat Virtualization",
    "sp_temp_name": "L-rhv_sp_temp",
    "sp_temp_descr": "RHV service profile template",
    "vlans": {
      "L-rhv_mgmt": {
        "sharing": "none",
        "vlan_id": "11",
        "mcast_policy_name": "",
        "policy_owner": "local",
        "compression_type": "included",
        "default_net": "no",
        "pub_nw_name": "",
        "vlan_dn": "fabric/lan"
      },
      "L-rhv_vmov": {
        "sharing": "none",
        "vlan_id": "76",
        "mcast_policy_name": "",
        "policy_owner": "local",
        "compression_type": "included",
        "default_net": "no",
        "pub_nw_name": "",
        "vlan_dn": "fabric/lan"
      },
      "L-rhv_data": {
        "sharing": "none",
        "vlan_id": "77",
        "mcast_policy_name": "",
        "policy_owner": "local",
        "compression_type": "included",
        "default_net": "no",
        "pub_nw_name": "",
        "vlan_dn": "fabric/lan"
      }
    },
    "maintenance_policy": {
      "name": "L-rhv_user_ack",
      "uptime_disr": "user-ack",
      "descr": "Maintenance Policy: User Ack"
    },
    "network_control_policy": {
      "name": "L-rhv_ncp",
      "cdp_state": "disabled",
      "mac_register_mode": "all-host-vlans",
      "policy_owner": "local",
      "uplink_fail_action": "link-down",
      "forge": "allow",
      "lldp_transmit": "disabled",
      "lldp_receive": "disabled",
      "descr": "RHV Network Control Policy"
    },
    "local_disk_policy": {
      "name": "L-rhv_ldp",
      "mode": "raid-mirrored",
      "flex_state": "disable",
      "flex_raid": "disable",
      "protect": "yes",
      "descr": "RHV Local Drives RAID-1"
    },
    "boot_policy": {
      "name": "L-rhv_boot",
      "reboot_on_update": "no",
      "enforce_vnic_name": "yes",
      "boot_mode": "legacy",
      "descr": "RHV boot policy",
      "policy_owner": "local",
      "media": {
        "CD/DVD": {
          "order": "1"
        },
        "HDD/SSD": {
          "order": "2"
        },
        "FC_SAN": {
          "order": "3",
          "primary_adapter": "fc0",
          "secondary_adapter": "fc1",
          "lun_id": "0",
          "primary_wwn": "52:4a:93:77:21:6b:8e:00",
          "primary_wwn_secondary": "52:4a:93:77:21:6b:8e:10",
          "secondary_wwn": "52:4a:93:77:21:6b:8e:01",
          "secondary_wwn_secondary": "52:4a:93:77:21:6b:8e:11"
        }
      }
    },
    "id_pools": {
      "uuid_pool": {
        "type": "uuid",
        "name": "L-rhv_uuid",
        "policy_owner": "local",
        "assignment_order": "sequential",
        "from": "110B-0025B5001101",
        "to": "110B-0025B50011FF",
        "descr": "RHEL UUID Pool"
      },
      "wwnn_pool": {
        "type": "wwnn",
        "name": "L-rhv_wwnn",
        "policy_owner": "local",
        "assignment_order": "sequential",
        "from": "20:00:00:25:B5:11:B1:01",
        "to": "20:00:00:25:B5:11:B1:FF",
        "descr": "RHEL WWNN Pool"
      },
      "wwpn_pool_a": {
        "type": "wwpn",
        "name": "L-rhv_wwpn_A",
        "policy_owner": "local",
        "assignment_order": "sequential",
        "from": "20:00:00:25:B5:11:BA:01",
        "to": "20:00:00:25:B5:11:BA:FF",
        "descr": "RHEL WWPN Pool Fabric A"
      },
      "wwpn_pool_b": {
        "type": "wwpn",
        "name": "L-rhv_wwpn_B",
        "policy_owner": "local",
        "assignment_order": "sequential",
        "from": "20:00:00:25:B5:11:BB:01",
        "to": "20:00:00:25:B5:11:BB:FF",
        "descr": "RHEL WWPN Pool Fabric B"
      },
      "mac_pool_a": {
        "type": "mac",
        "name": "L-rhv_mac_A",
        "policy_owner": "local",
        "assignment_order": "sequential",
        "from": "00:25:B5:11:BA:01",
        "to": "00:25:B5:11:BA:FF",
        "descr": "RHEL MAC Pool Fabric A"
      },
      "mac_pool_b": {
        "type": "mac",
        "name": "L-rhv_mac_B",
        "policy_owner": "local",
        "assignment_order": "sequential",
        "from": "00:25:B5:11:BB:01",
        "to": "00:25:B5:11:BB:FF",
        "descr": "RHEL MAC Pool Fabric B"
      }
    },
    "ip_pool": "none",
    "vnics": {
      "L-rhv_mgmt_FF_A": {
        "descr": "RHV MGMT Fabric Failover A Primary",
        "policy_owner": "local",
        "vlan_list": [["L-rhv_mgmt", "yes"]],
        "switch_id": "A-B",
        "mtu": "1500",
        "con_policy_type": "",
        "con_policy_name": "",
        "qos_policy_name": "",
        "target": "adaptor",
        "mac_pool": "L-rhv_mac_A",
        "nw_ctrl_policy_name": "L-rhv_ncp",
        "pin_to_group_name": "",
        "stats_policy_name": "default",
        "templ_type": "updating-template",
        "peer_redundancy_templ_name": "",
        "redundancy_pair_type": "none"
      },
      "L-rhv_vmov_FF_B": {
        "descr": "RHV VM Migrate Fabric Failover B Primary",
        "policy_owner": "local",
        "vlan_list": [["L-rhv_vmov", "yes"]],
        "switch_id": "B-A",
        "mtu": "1500",
        "con_policy_type": "",
        "con_policy_name": "",
        "qos_policy_name": "",
        "target": "adaptor",
        "mac_pool": "L-rhv_mac_B",
        "nw_ctrl_policy_name": "L-rhv_ncp",
        "pin_to_group_name": "",
        "stats_policy_name": "default",
        "templ_type": "updating-template",
        "peer_redundancy_templ_name": "",
        "redundancy_pair_type": "none"
      },
      "L-rhv_data_A": {
        "descr": "RHV Data A",
        "policy_owner": "local",
        "vlan_list": [["L-rhv_data", "yes"]],
        "switch_id": "A",
        "mtu": "1500",
        "con_policy_type": "",
        "con_policy_name": "",
        "qos_policy_name": "",
        "target": "adaptor",
        "mac_pool": "L-rhv_mac_A",
        "nw_ctrl_policy_name": "L-rhv_ncp",
        "pin_to_group_name": "",
        "stats_policy_name": "default",
        "templ_type": "updating-template",
        "peer_redundancy_templ_name": "",
        "redundancy_pair_type": "primary"
      },
      "L-rhv_data_B": {
        "descr": "RHV Data B",
        "policy_owner": "local",
        "vlan_list": [["L-rhv_data", "yes"]],
        "switch_id": "B",
        "mtu": "1500",
        "con_policy_type": "",
        "con_policy_name": "",
        "qos_policy_name": "",
        "target": "adaptor",
        "mac_pool": "L-rhv_mac_B",
        "nw_ctrl_policy_name": "L-rhv_ncp",
        "pin_to_group_name": "",
        "stats_policy_name": "default",
        "templ_type": "updating-template",
        "peer_redundancy_templ_name": "L-rhv_data_A",
        "redundancy_pair_type": "secondary"
      }
    },
    "lan_conn": {
      "details": {
        "name": "L-rhv_lan_conn",
        "descr": "rhv LAN connectivity policy"
      },
      "adapters": {
        "NIC_1": {
          "name": "eth0",
          "vnic_temp": "L-rhv_data_FF_B",
          "adapter_profile": "Linux",
          "switch_id": "B-A",
          "adapter_order": "3"
        },
        "NIC_2": {
          "name": "eth1",
          "vnic_temp": "L-rhv_mgmt_FF_A",
          "adapter_profile": "Linux",
          "switch_id": "A-B",
          "adapter_order": "4"
        }
      }
    },
    "vhbas": {
      "L-rhv_fabric_A": {
        "descr": "RHV SAN A",
        "redundancy_pair_type": "none",
        "peer_redundancy_templ_name": "",
        "policy_owner": "local",
        "wwpn_pool": "L-rhv_wwpn_A",
        "vsan_name": "VSAN1983",
        "fabric_id": "A",
        "pin_to_group_name": "",
        "qos_policy_name": "",
        "stats_policy_name": "default",
        "templ_type": "initial-template"
      },
      "L-rhv_fabric_B": {
        "descr": "RHV SAN B",
        "redundancy_pair_type": "none",
        "peer_redundancy_templ_name": "",
        "policy_owner": "local",
        "wwpn_pool": "L-rhv_wwpn_B",
        "vsan_name": "VSAN1984",
        "fabric_id": "B",
        "pin_to_group_name": "",
        "qos_policy_name": "",
        "stats_policy_name": "default",
        "templ_type": "initial-template"
      }
    },
    "san_conn": {
      "details": {
        "name": "L-rhv_san_conn",
        "descr": "RHV SAN connectivity Policy",
        "policy_owner": "local",
        "wwnn_pool": "L-rhv_wwnn"
      },
      "adapters": {
        "HBA_1": {
          "name": "fc0",
          "vhba_temp": "L-rhv_fabric_A",
          "adapter_profile": "Linux",
          "fabric_id": "A",
          "adapter_order": "1"
        },
        "HBA_2": {
          "name": "fc1",
          "vhba_temp": "L-rhv_fabric_B",
          "adapter_profile": "Linux",
          "fabric_id": "B",
          "adapter_order": "2"
        }
      }
    }
}